{
    "action": {
        "min": [
            0.23422099649906158,
            0.22831900417804718,
            0.3341270089149475,
            -0.7745940089225769,
            0.34706899523735046,
            0.13272300362586975,
            0.5117459893226624,
            0.0,
            0.19812899827957153,
            -0.17957599461078644,
            0.3386020064353943,
            0.9359660148620605,
            0.1938139945268631,
            -0.2851389944553375,
            0.0712060034275055,
            0.0
        ],
        "max": [
            0.23424699902534485,
            0.2283560037612915,
            0.3341679871082306,
            -0.7745550274848938,
            0.34713199734687805,
            0.1328130066394806,
            0.5118060111999512,
            0.0,
            0.19815999269485474,
            -0.17952300608158112,
            0.33862900733947754,
            0.9359930157661438,
            0.19389499723911285,
            -0.28506600856781006,
            0.07128400355577469,
            1.0
        ],
        "mean": [
            0.23423460125923157,
            0.2283404916524887,
            0.3341462314128876,
            -0.7745762467384338,
            0.3471049666404724,
            0.13276638090610504,
            0.5117823481559753,
            0.0,
            0.1981397569179535,
            -0.1795569509267807,
            0.33861473202705383,
            0.9359778165817261,
            0.19385883212089539,
            -0.28510811924934387,
            0.0712466686964035,
            0.1794871836900711
        ],
        "std": [
            0.0,
            8.63167442730628e-05,
            0.0001726334885461256,
            0.000244140625,
            8.63167442730628e-05,
            4.31583721365314e-05,
            0.0,
            0.0,
            0.0001220703125,
            0.0,
            0.000244140625,
            0.00042286395910196006,
            0.0,
            0.0,
            0.0,
            0.3837597370147705
        ],
        "count": [
            117
        ],
        "q01": [
            0.23422400906682014,
            0.22832300022244453,
            0.3341279974579811,
            -0.7745919722318649,
            0.34707800060510635,
            0.13273099571466446,
            0.5117510062456131,
            3.9995784462121265e-16,
            0.19812900699675084,
            -0.17957299694418907,
            0.3386029949784279,
            0.9359670382738113,
            0.19382000222802162,
            -0.2851360116899013,
            0.0712139929831028,
            -1.000000013351432e-10
        ],
        "q10": [
            0.23422801345586777,
            0.2283310130238533,
            0.33413601338863375,
            -0.7745879381895066,
            0.3470900163054466,
            0.13274301141500472,
            0.5117630273103714,
            3.999578446212126e-15,
            0.19813301771879197,
            -0.17956798635423182,
            0.3386070204632623,
            0.9359700337052346,
            0.19384000226855277,
            -0.285128989815712,
            0.07122800387442112,
            -1.000000013351432e-10
        ],
        "q50": [
            0.23423500607411066,
            0.22834100499749183,
            0.33414700999855995,
            -0.7745759785175323,
            0.3471050187945366,
            0.1327650062739849,
            0.5117820451656977,
            1.9997892231060632e-14,
            0.1981399961643749,
            -0.1795569844543934,
            0.33861501183774734,
            0.9359770394288577,
            0.19385900162160397,
            -0.2851109988987446,
            0.07124600280076265,
            -1.000000013351432e-10
        ],
        "q90": [
            0.23424100031455358,
            0.22834900505840777,
            0.33415700644254687,
            -0.7745669623215993,
            0.34711902067065237,
            0.13279000893235207,
            0.5118000066280365,
            3.599620601590914e-14,
            0.19814600965806417,
            -0.17954499373833338,
            0.33862201750278476,
            0.9359860082467397,
            0.19387700110673906,
            -0.28508598655462264,
            0.07126600742340088,
            0.9998885529381888
        ],
        "q99": [
            0.23424501590430735,
            0.22835401937365532,
            0.3341670283675194,
            -0.774555931687355,
            0.3471290120482445,
            0.13280801221728325,
            0.5118060111999512,
            3.959582661750005e-14,
            0.19815201804041863,
            -0.17953698590397835,
            0.33862900733947754,
            0.9359900254011154,
            0.1938910135626793,
            -0.2850739708542824,
            0.07128200426697731,
            0.9999888552938189
        ]
    },
    "observation.state": {
        "min": [
            -19.469999313354492,
            34.47100067138672,
            63.263999938964844,
            78.05999755859375,
            19.839000701904297,
            71.45999908447266,
            -35.939998626708984,
            0.23422099649906158,
            0.22831900417804718,
            0.3341270089149475,
            -0.7745940089225769,
            0.34706899523735046,
            0.13272300362586975,
            0.5117459893226624,
            15.048999786376953,
            -61.183998107910156,
            78.802001953125,
            62.426998138427734,
            21.860000610351562,
            78.90299987792969,
            247.83900451660156,
            0.19812899827957153,
            -0.17957599461078644,
            0.3386020064353943,
            0.9359660148620605,
            0.1938139945268631,
            -0.2851389944553375,
            0.0712060034275055
        ],
        "max": [
            -19.46299934387207,
            34.47700119018555,
            63.27000045776367,
            78.06600189208984,
            19.8439998626709,
            71.46600341796875,
            -35.93600082397461,
            0.23424699902534485,
            0.2283560037612915,
            0.3341679871082306,
            -0.7745550274848938,
            0.34713199734687805,
            0.1328130066394806,
            0.5118060111999512,
            15.055999755859375,
            -61.18000030517578,
            78.80999755859375,
            62.43199920654297,
            21.864999771118164,
            78.90899658203125,
            247.843994140625,
            0.19815999269485474,
            -0.17952300608158112,
            0.33862900733947754,
            0.9359930157661438,
            0.19389499723911285,
            -0.28506600856781006,
            0.07128400355577469
        ],
        "mean": [
            -19.466733932495117,
            34.47339630126953,
            63.26673126220703,
            78.0633544921875,
            19.84165382385254,
            71.46267700195312,
            -35.93755340576172,
            0.23423460125923157,
            0.2283404916524887,
            0.3341462314128876,
            -0.7745762467384338,
            0.3471049666404724,
            0.13276638090610504,
            0.5117823481559753,
            15.053396224975586,
            -61.181541442871094,
            78.80538940429688,
            62.429508209228516,
            21.86186408996582,
            78.90631103515625,
            247.84088134765625,
            0.1981397569179535,
            -0.1795569509267807,
            0.33861473202705383,
            0.9359778165817261,
            0.19385883212089539,
            -0.28510811924934387,
            0.0712466686964035
        ],