{
    "action": {
        "min": [
            0.25367501378059387,
            0.15333999693393707,
            0.334852010011673,
            -0.7054479718208313,
            0.2621999979019165,
            0.09390199929475784,
            0.5785710215568542,
            0.0,
            0.20091800391674042,
            -0.20588499307632446,
            0.2896380126476288,
            0.8769429922103882,
            0.18743400275707245,
            -0.32224398851394653,
            0.170524001121521,
            0.0
        ],
        "max": [
            0.3675220012664795,
            0.23385100066661835,
            0.37687501311302185,
            -0.22884699702262878,
            0.5822749733924866,
            0.33039599657058716,
            0.7892320156097412,
            1.0,
            0.22386500239372253,
            -0.1489820033311844,
            0.35301700234413147,
            0.9312180280685425,
            0.2601580023765564,
            -0.22234199941158295,
            0.243817999958992,
            0.0
        ],
        "mean": [
            0.30533406138420105,
            0.20549073815345764,
            0.348755806684494,
            -0.5255317687988281,
            0.4114752411842346,
            0.1557917445898056,
            0.6921765804290771,
            0.08207343518733978,
            0.20669570565223694,
            -0.1975676566362381,
            0.3349546790122986,
            0.8930653929710388,
            0.2525978684425354,
            -0.3008076846599579,
            0.21853074431419373,
            0.0
        ],
        "std": [
            0.04270053654909134,
            0.029212959110736847,
            0.014166731387376785,
            0.17254343628883362,
            0.10684318840503693,
            0.06318649649620056,
            0.0770968496799469,
            0.274476557970047,
            0.0015786763979122043,
            0.00919019989669323,
            0.005627163220196962,
            0.007142938673496246,
            0.01383520383387804,
            0.010957128368318081,
            0.004928754176944494,
            0.0
        ],
        "count": [
            463
        ],
        "q01": [
            0.2587896978855133,
            0.15343065604567527,
            0.334949751496315,
            -0.7053008800745011,
            0.2642658811807632,
            0.0940538278222084,
            0.5786619533922361,
            -1.000000013351432e-10,
            0.20232066571712493,
            -0.20588499307632446,
            0.3146500363945961,
            0.8769429922103882,
            0.18769042953848838,
            -0.32224398851394653,
            0.21178581036627292,
            3.9995784462121265e-16
        ],
        "q10": [
            0.2589989447593689,
            0.15349793532064984,
            0.3353635227680206,
            -0.7047622449257794,
            0.2645141541957855,
            0.09420499420166016,
            0.5790527085463206,
            -1.000000013351432e-10,
            0.20656933685143788,
            -0.19961738158017397,
            0.33547390116488235,
            0.8919115368525187,
            0.25553283437769464,
            -0.30266758455679965,
            0.2180512487888336,
            3.999578446212126e-15
        ],
        "q50": [
            0.2935920476913452,
            0.21797906309366227,
            0.34549484508378164,
            -0.5772899687290192,
            0.40533956803313087,
            0.12490636110305786,
            0.7210831940174103,
            -1.000000013351432e-10,
            0.2065812180991526,
            -0.19960042564882396,
            0.3354896601270791,
            0.891933385444724,
            0.2555631761477418,
            -0.3026236513110458,
            0.21807876364751297,
            1.9997892231060632e-14
        ],
        "q90": [
            0.36742633424821447,
            0.23336443305015564,
            0.3707184880971909,
            -0.22889548880713326,
            0.5822405092938002,
            0.26145133806599513,
            0.7744290215511844,
            -1.000000013351432e-10,
            0.20659538507461547,
            -0.1995818636363203,
            0.33550859838724134,
            0.8919517862796783,
            0.2555883776396513,
            -0.30258066608355594,
            0.2181147209907833,
            3.599620601590914e-14
        ],
        "q99": [
            0.36749206006526947,
            0.23376173759500185,
            0.37661759078502655,
            -0.22885184620107923,
            0.582271526982618,
            0.29437181919813155,
            0.7857927811145783,
            0.9999756275352679,
            0.21153750635683535,
            -0.15630591074625652,
            0.35301048639747834,
            0.924274822473526,
            0.2601505205366347,
            -0.2526049047708511,
            0.24381046445833313,
            3.959582661750005e-14
        ]
    },
    "observation.state": {
        "min": [
            -11.123000144958496,
            32.56399917602539,
            35.250999450683594,
            -2.299999952316284,
            19.187000274658203,
            75.447998046875,
            -24.575000762939453,
            0.25367501378059387,
            0.15333999693393707,
            0.334852010011673,
            -0.7054479718208313,
            0.2621999979019165,
            0.09390199929475784,
            0.5785710215568542,
            3.4110000133514404,
            -70.48200225830078,
            79.93699645996094,
            44.92100143432617,
            21.375,
            57.39400100708008,
            230.3090057373047,
            0.20091800391674042,
            -0.20588499307632446,
            0.2896380126476288,
            0.8769429922103882,
            0.18743400275707245,
            -0.32224398851394653,
            0.170524001121521
        ],
        "max": [
            32.76300048828125,
            71.47799682617188,
            57.902000427246094,
            75.00900268554688,
            35.78900146484375,
            126.8489990234375,
            39.42100143432617,
            0.3675220012664795,
            0.23385100066661835,
            0.37687501311302185,
            -0.22884699702262878,
            0.5822749733924866,
            0.33039599657058716,
            0.7892320156097412,
            21.218000411987305,
            -61.17399978637695,
            83.34700012207031,
            85.16999816894531,
            27.325000762939453,
            95.27200317382812,
            237.46099853515625,
            0.22386500239372253,
            -0.1489820033311844,
            0.35301700234413147,
            0.9312180280685425,
            0.2601580023765564,
            -0.22234199941158295,
            0.243817999958992
        ],
        "mean": [
            5.073854923248291,
            48.68723678588867,
            47.77287673950195,
            56.278099060058594,
            25.264184951782227,
            88.23542785644531,
            -3.2494537830352783,
            0.30533406138420105,
            0.20549073815345764,
            0.348755806684494,
            -0.5255317687988281,
            0.4114752411842346,
            0.1557917445898056,
            0.6921765804290771,
            10.822237968444824,
            -61.62630081176758,
            81.121337890625,
            58.52401351928711,
            21.776248931884766,
            85.33271789550781,
            230.9625701904297,
            0.20669570565223694,
            -0.1975676566362381,
            0.3349546790122986,
            0.8930653929710388,
            0.2525978684425354,
            -0.3008076846599579,
            0.21853074431419373
        ],